,472,378,442,105,338,64,241,336,475,128,TARGET
788,533,549,619,521,589,508,471,485,451,480,-1
1607,481,443,490,298,549,615,473,577,449,458,-1
528,542,478,651,388,616,581,436,550,391,469,1
67,406,576,332,571,480,441,576,413,587,485,1
753,470,533,473,438,598,623,430,618,395,474,1
1846,401,540,335,684,315,452,541,424,546,500,1
1500,388,623,283,649,483,457,596,439,596,488,1
1345,529,570,606,558,613,462,510,440,495,484,-1
159,422,575,353,609,354,560,509,570,499,487,-1
671,436,511,415,656,391,439,543,409,552,489,-1
737,473,546,480,598,551,549,432,543,385,490,-1
1183,491,591,517,761,522,406,529,376,526,502,1
1282,572,434,675,392,613,477,450,458,405,470,1
360,460,552,442,707,385,439,532,409,535,490,1
1865,412,549,355,541,486,452,577,428,564,484,1
470,500,587,573,544,618,640,404,623,343,483,-1
855,431,543,404,709,351,400,552,361,560,503,1
319,558,386,650,409,619,375,486,311,469,472,1
1092,428,469,382,679,329,447,509,416,503,493,-1
282,441,612,404,526,482,680,438,682,399,482,-1
851,486,428,506,489,443,426,523,401,520,478,1
1627,503,487,539,446,552,516,478,506,459,475,-1
1589,467,530,467,716,392,276,594,224,637,498,1
1935,533,500,605,586,486,428,506,382,498,487,-1
1903,522,534,591,585,466,497,484,482,463,485,1
719,581,437,722,406,669,479,444,457,404,470,1
1672,499,448,534,593,453,448,485,428,466,485,-1
782,470,409,471,612,441,367,527,327,521,490,1
1855,542,491,700,457,598,524,407,521,387,475,-1
676,433,553,405,492,461,620,476,615,451,478,-1
1741,489,548,509,642,431,417,542,398,554,492,1
653,541,561,618,508,554,536,466,524,437,479,1
861,499,524,529,330,636,600,466,601,442,465,-1
1875,508,484,557,561,526,346,550,323,563,484,-1
179,417,416,380,560,305,442,536,413,528,486,-1
505,432,539,394,560,420,567,483,579,462,485,-1
1439,431,467,370,481,411,487,553,465,542,477,1
1869,425,419,386,573,329,476,509,456,498,484,-1
1576,466,614,466,718,457,567,420,557,381,498,-1
992,473,466,481,627,415,457,482,436,461,489,-1
1217,499,519,531,556,477,546,442,548,407,484,-1
1718,549,527,653,449,628,635,388,651,308,474,-1
733,455,514,436,511,387,492,576,474,568,480,-1
1749,533,458,628,446,639,524,423,518,359,474,1
565,417,548,369,556,456,616,450,616,416,483,-1
535,517,433,574,269,589,674,420,684,334,454,-1
748,483,616,504,467,691,599,460,579,431,476,1
1668,515,472,569,225,715,547,496,534,483,452,1
1766,505,530,531,647,441,434,531,391,519,488,1
725,410,510,341,521,437,555,507,530,506,480,1
289,442,398,420,355,445,489,546,469,539,466,-1
1657,468,467,470,347,565,577,474,572,451,465,-1
1093,427,562,374,767,286,450,547,428,548,504,1
1455,520,474,579,571,496,320,596,234,580,484,-1
1190,501,559,519,576,495,481,507,460,492,485,-1
1839,469,440,472,633,457,423,498,382,480,490,1
1240,519,462,582,469,571,435,509,428,496,476,-1
57,519,488,570,651,407,366,547,330,539,493,-1
1782,555,548,654,456,636,562,426,565,388,475,-1
567,409,548,336,572,395,525,523,513,517,488,1
762,472,599,476,773,448,509,459,492,438,499,-1
145,472,519,476,896,347,308,514,274,499,510,-1
170,473,574,479,739,430,347,537,311,536,501,1
1691,490,521,517,587,507,447,522,419,507,485,-1
1002,537,554,616,675,457,426,499,389,485,495,1
1041,437,499,383,569,400,466,538,447,548,482,1
996,469,433,468,521,548,446,487,422,472,480,1
1423,465,607,461,526,463,518,540,499,549,481,1
1156,510,509,554,499,605,552,437,541,409,480,1
1057,557,546,657,427,685,599,411,578,363,472,-1
28,477,618,487,365,544,749,441,753,421,467,1
835,441,613,412,692,477,446,539,421,544,495,1
1962,492,421,520,361,550,491,505,472,497,468,-1
1928,509,455,566,583,463,327,580,297,581,487,-1
1464,421,429,355,352,498,624,474,631,446,467,-1
122,455,453,436,412,438,473,556,451,557,471,-1
905,452,414,429,605,334,412,518,378,521,487,-1
752,445,479,425,654,452,350,571,320,554,492,1
1399,548,404,639,199,696,570,447,550,411,449,1
706,493,543,511,515,582,525,469,517,447,480,1
821,560,424,685,416,630,444,462,413,431,472,1
182,400,439,333,493,397,479,550,458,561,478,1
467,511,445,551,229,659,573,462,577,439,458,1
620,497,468,532,381,563,566,464,575,441,466,-1
74,513,386,566,194,684,528,496,517,485,450,1
1474,553,499,677,413,622,635,399,618,345,471,-1
1441,424,507,376,651,326,447,531,426,552,497,-1
1629,520,605,575,519,589,442,546,413,546,481,-1
393,534,440,619,288,667,570,435,580,384,461,1
1594,478,471,492,570,484,389,536,364,559,484,-1
1012,484,553,513,255,668,657,484,625,467,459,-1
485,563,459,673,347,665,569,422,538,369,468,1
1546,544,421,623,167,746,546,450,540,422,455,1
435,433,461,409,399,490,653,427,683,383,469,-1
1248,498,448,533,360,556,624,459,601,427,461,-1
1888,486,494,512,511,478,523,473,518,447,480,-1
670,462,437,457,331,587,607,447,589,416,465,-1
547,561,415,672,232,719,563,427,544,386,454,1
1512,460,549,450,448,493,534,546,506,545,475,1
154,484,474,512,637,437,479,451,461,420,492,-1
1558,515,460,597,305,626,581,451,564,408,463,1
1281,430,561,377,762,341,421,542,387,547,505,1
20,487,453,523,522,500,315,603,287,638,481,-1
1128,442,519,414,456,506,535,513,520,509,475,1
297,565,477,691,453,549,549,410,551,359,475,-1
984,442,512,399,758,277,376,587,318,608,503,1
960,533,432,601,256,697,580,441,567,407,456,1
1949,479,553,495,707,444,382,535,330,566,493,1
251,479,524,494,445,518,588,466,585,445,475,1
1019,469,546,471,748,447,351,565,311,601,496,1
1556,498,455,525,560,446,538,411,523,401,484,-1
482,564,542,675,561,601,483,446,464,411,484,-1
1999,487,408,520,558,458,330,566,308,560,484,1
982,512,592,560,616,514,425,534,398,524,489,-1
898,459,451,453,594,477,353,552,326,557,485,1
1094,568,540,665,535,626,498,452,482,413,482,-1
1015,520,426,595,179,665,614,432,655,390,455,-1
219,472,560,478,759,435,353,561,260,568,499,1
1028,388,543,312,614,393,497,565,481,563,486,1
1359,543,534,681,401,655,567,426,570,389,471,-1
1997,449,582,428,752,406,540,463,538,437,498,-1
335,370,605,261,715,373,469,581,449,604,494,1
1186,420,436,353,328,421,466,596,442,621,463,-1
927,497,526,526,582,554,523,443,508,398,486,-1
758,453,548,448,495,437,535,533,526,530,479,1
871,474,519,483,527,521,533,475,530,453,481,1
911,414,424,316,463,393,532,511,516,501,476,1
1850,422,497,356,364,558,652,444,687,412,469,-1
1323,527,467,585,405,555,612,426,593,375,470,-1
114,491,464,520,520,424,422,543,396,549,480,1
426,494,464,523,351,607,540,483,529,463,468,-1
1271,542,474,623,406,619,548,438,530,406,471,1
574,533,439,620,558,451,444,477,418,455,484,-1
210,469,430,472,600,460,344,566,296,594,487,1
460,465,520,465,425,494,548,515,547,505,472,1
201,411,547,345,564,380,520,535,504,581,486,1
196,564,622,641,652,659,471,429,450,395,495,-1
488,429,509,400,624,325,501,516,488,505,489,1
113,504,505,558,542,512,520,457,505,433,483,-1
1124,547,516,696,443,558,622,405,608,349,474,-1
331,553,504,688,491,559,487,473,469,450,478,1
1086,417,437,376,261,562,618,482,587,462,464,-1
966,470,405,473,406,546,426,533,393,536,472,-1
1254,531,492,587,343,616,546,468,550,444,466,1
1529,433,512,377,595,474,448,539,423,529,487,1
1527,472,551,476,558,540,558,443,565,418,484,-1
1795,416,602,387,599,444,619,453,640,424,487,-1
1126,508,419,565,479,481,380,549,353,549,477,-1
800,439,505,402,655,388,345,549,302,598,495,1
1789,559,421,627,401,556,551,427,539,387,470,-1
1046,429,514,400,559,431,560,481,545,461,485,-1
563,437,473,400,398,436,462,593,441,637,470,-1
532,549,401,624,199,719,582,429,600,376,453,1
1039,453,508,426,465,515,475,548,449,533,476,1
324,492,518,519,428,574,470,539,448,536,472,1
1544,533,374,614,485,545,419,460,389,428,478,1
932,472,513,476,587,465,503,481,493,463,485,-1
1379,491,440,522,380,550,392,569,359,590,469,1
133,429,550,377,864,333,415,534,359,565,504,1
1857,552,485,636,479,563,555,412,551,361,477,-1
1732,567,446,667,518,548,511,413,491,353,481,-1
274,426,538,384,662,301,484,526,463,521,497,1
970,464,400,460,378,495,588,454,589,411,469,-1
1404,468,555,465,590,534,553,457,549,413,484,-1
1426,454,418,443,344,490,603,457,569,428,468,-1
674,502,513,560,389,644,580,453,610,407,468,-1
21,557,506,647,511,629,592,365,585,322,480,1
363,484,482,504,370,605,575,472,549,448,469,-1
373,420,572,332,602,469,415,583,393,640,489,1
42,570,447,665,382,673,525,423,524,386,469,1
304,497,429,525,378,604,467,500,450,492,467,1
457,487,470,513,428,459,369,641,343,653,473,1
221,495,532,537,629,555,510,437,489,407,492,-1
193,504,456,531,333,575,582,460,562,426,463,-1
744,517,426,612,97,739,549,502,556,488,444,1
1403,523,477,586,275,662,556,471,571,445,460,1
630,515,420,571,485,560,456,454,432,413,478,1
1796,468,457,471,334,485,488,545,470,584,465,-1
1296,387,474,321,592,351,548,488,550,474,486,-1
1587,484,531,501,629,507,506,465,484,441,489,-1
47,527,482,610,471,528,548,433,546,404,476,-1
2,485,464,503,593,431,485,474,465,454,487,-1
157,402,580,340,614,427,611,482,617,466,487,-1
327,479,466,494,581,458,372,547,355,546,485,1
1306,380,579,269,653,458,457,594,428,603,490,1
1260,500,522,531,345,623,621,468,603,447,468,-1
1536,463,480,460,731,328,355,548,315,554,499,-1
1851,485,488,513,645,444,507,440,485,401,493,-1
593,488,528,512,601,505,506,471,491,447,487,-1
1771,473,521,479,409,564,500,552,482,540,472,-1
1147,518,488,578,365,593,454,554,440,544,468,1
1059,450,460,427,430,504,476,530,454,538,473,-1
472,452,572,442,718,391,487,475,466,452,497,-1
930,454,437,424,701,326,352,543,287,549,499,-1
1199,478,418,490,437,564,416,520,387,526,473,1
1662,457,461,448,444,468,550,479,549,457,474,-1
367,524,549,613,507,525,587,431,567,396,479,1
447,453,518,448,473,387,530,533,521,542,477,-1
522,549,504,655,554,477,488,466,473,436,482,1
1460,532,467,586,252,697,561,487,553,470,456,1
1384,451,525,421,525,485,542,480,550,462,481,-1
236,562,421,674,181,735,559,461,563,438,448,1
1343,535,502,627,470,565,585,420,570,379,476,-1
1031,417,453,383,470,487,433,556,407,566,476,-1
1241,472,539,475,704,409,430,518,391,529,494,1
576,466,524,465,532,496,523,484,521,466,482,1
405,474,522,482,610,493,548,437,544,390,487,-1
806,532,464,631,526,448,479,475,458,452,482,-1
1481,494,444,535,591,389,382,558,332,565,487,1
278,459,544,447,782,357,361,576,325,595,497,1
1073,495,590,523,709,500,421,516,372,514,494,1
296,408,607,352,630,437,627,441,654,412,489,-1
1069,503,450,549,511,577,446,481,431,463,480,1
701,547,452,674,238,699,537,477,533,458,459,1
1927,484,436,502,410,512,523,475,509,453,472,-1
1166,513,556,565,625,517,384,528,330,541,490,-1
1367,514,446,566,633,473,419,455,408,426,493,1
657,457,568,447,410,548,641,450,727,417,471,1
1574,452,585,435,429,587,745,400,741,360,473,-1
1612,494,486,527,315,618,584,484,573,466,464,1
175,429,453,362,518,394,506,514,487,510,481,1
1769,452,471,439,636,405,411,535,378,537,488,-1
1496,429,573,407,511,498,521,519,510,525,481,1
1085,432,461,389,411,513,491,541,470,542,471,-1
1505,482,399,500,474,470,536,450,520,418,477,-1
1386,523,479,596,621,471,325,548,256,551,490,-1
1823,426,428,367,570,311,453,545,434,539,486,-1
792,537,484,624,624,521,482,409,461,344,492,1
916,480,559,495,531,459,561,500,544,484,482,-1
315,546,544,627,647,463,425,496,415,482,491,1
37,542,496,635,470,586,583,410,566,368,476,-1
1520,487,553,511,623,499,476,480,454,461,490,-1
10,462,500,451,380,532,619,449,656,413,470,-1
1699,528,390,615,123,728,585,463,566,438,448,1
1543,514,529,578,680,426,275,602,255,680,494,-1
1799,540,565,612,443,642,577,426,608,397,474,-1
575,479,493,492,675,333,331,601,285,613,493,1
1910,467,430,463,353,464,551,502,550,493,465,-1
1879,548,483,642,457,651,570,396,557,332,476,1
1539,543,389,629,417,583,406,497,384,483,473,1
454,562,451,685,493,501,511,444,501,401,479,-1
269,466,556,466,386,605,550,529,552,536,468,-1
854,519,435,559,463,540,423,517,396,505,476,-1
611,497,444,517,286,563,615,462,619,436,460,-1
987,480,404,495,350,533,462,545,431,545,467,-1
928,519,451,589,422,506,542,461,525,431,473,-1
421,402,594,340,599,458,567,504,549,491,488,1
1775,547,536,662,432,639,558,438,552,396,473,-1
355,515,531,578,419,669,556,460,561,430,471,-1
955,524,440,581,484,518,494,454,477,429,478,-1
94,502,470,532,346,694,548,430,572,404,467,-1
523,521,539,582,633,580,498,432,480,406,489,-1
1889,477,423,489,297,508,538,520,529,514,461,-1
989,525,534,569,459,651,568,425,563,393,476,-1
783,451,527,430,697,374,504,482,489,464,495,-1
1485,515,537,556,582,446,425,527,397,525,487,-1
345,464,516,461,474,514,452,559,425,573,477,-1
1127,513,516,554,456,518,551,482,530,464,475,1
903,449,541,410,409,550,514,551,504,561,472,-1
124,434,578,403,581,481,483,532,464,523,488,1
82,544,434,663,413,625,496,452,475,421,470,1
1259,492,541,518,709,452,263,630,224,622,497,-1
1043,486,553,507,681,477,559,438,540,383,497,-1
1847,497,417,542,410,464,573,434,565,396,471,-1
1752,388,575,332,902,228,387,599,349,608,516,1
1996,444,430,421,696,348,311,590,242,601,497,-1
1684,489,523,516,555,517,542,454,525,425,485,-1
1678,461,493,452,658,464,432,495,416,482,489,-1
1618,545,491,639,281,632,558,470,539,439,461,-1
1465,535,557,619,794,441,381,501,359,499,500,1
993,471,374,477,562,373,320,571,248,573,486,-1
313,389,416,289,411,380,511,555,492,566,472,1
885,461,456,456,679,331,331,590,298,603,494,-1
1177,361,552,249,553,361,529,569,508,602,485,1
1344,513,549,564,372,608,522,520,515,508,469,-1
1895,536,460,622,545,525,397,512,320,508,483,-1
549,469,455,472,417,556,635,396,647,346,472,1
980,473,544,480,436,514,621,473,604,449,473,1
1211,410,564,300,631,356,502,543,491,553,490,1
1372,470,517,472,616,371,507,497,491,480,491,-1
181,545,468,618,445,644,549,399,538,365,474,1
926,529,426,584,420,596,571,395,584,344,471,-1
1080,383,602,288,709,315,536,505,524,487,501,-1
1584,558,470,655,456,636,493,437,474,408,475,1
736,417,517,343,497,495,532,533,507,530,479,1
1247,520,533,569,613,442,535,450,527,417,488,1
1501,459,526,440,518,361,494,557,477,575,481,1
1739,461,437,444,351,455,499,532,482,555,468,-1
484,562,520,659,466,610,516,446,505,411,476,-1
1973,467,528,467,515,395,503,555,485,569,480,1
378,501,485,544,355,613,582,459,582,441,467,1
3,457,553,447,698,377,415,569,398,602,493,1
1284,555,558,675,574,622,505,445,485,404,485,-1
1353,450,432,410,426,448,587,455,577,433,472,-1
379,418,461,392,551,399,511,497,500,486,482,1
69,529,533,614,539,480,506,485,485,467,482,1
1538,409,580,316,616,426,589,470,574,451,488,-1
632,486,444,511,608,432,364,542,315,537,488,1
1757,425,483,388,648,398,326,592,287,624,490,1
244,459,445,445,344,500,500,547,482,541,464,-1
361,434,468,394,418,369,528,543,529,550,472,-1
1804,441,552,433,501,424,544,511,555,510,480,1
500,487,478,511,469,503,542,466,518,438,476,-1
61,454,520,441,749,328,387,548,354,579,498,1
1848,456,453,445,688,359,396,530,350,524,490,-1
1163,455,385,435,305,484,485,556,464,566,464,-1
68,413,459,312,602,327,427,560,415,592,487,-1
1942,475,556,485,392,648,573,475,603,457,468,-1
1706,441,579,406,747,329,443,537,404,534,500,1
1633,513,426,566,484,480,313,653,193,675,478,-1
132,447,444,423,405,520,470,532,448,546,472,-1
554,511,436,552,295,520,646,413,666,349,463,-1
1026,399,543,329,530,383,586,523,563,517,481,1
452,495,526,531,565,426,452,530,428,533,486,1
404,544,596,619,504,638,548,446,547,404,480,-1
666,447,432,425,425,456,395,589,381,615,474,1
1504,486,429,505,513,423,526,453,508,431,481,-1
669,452,443,433,377,524,444,568,412,580,470,-1
1055,456,528,435,587,437,367,602,360,595,488,-1
89,543,425,622,377,537,542,435,529,398,469,-1
1940,546,558,613,411,577,611,453,611,425,472,-1
787,448,568,420,682,327,384,593,362,607,498,1
85,465,478,462,631,384,434,507,409,492,495,-1
1666,388,451,300,531,373,463,567,436,563,483,1
1475,511,599,566,573,568,481,493,461,478,485,1
1432,473,474,478,385,519,497,535,477,542,471,1
1205,434,503,399,471,486,607,460,608,438,476,-1
1144,475,537,484,618,508,492,466,474,443,490,-1
1135,439,497,403,715,395,345,584,291,581,503,1
1774,492,554,519,521,579,562,453,549,424,480,1
1120,457,460,443,584,501,399,529,376,510,486,1
1918,571,519,715,633,675,461,406,438,332,491,-1
1033,491,496,517,425,463,488,556,469,557,473,1
81,473,538,480,675,428,494,469,475,445,493,-1
1430,478,511,492,662,428,459,484,437,469,492,-1
333,476,413,489,298,586,516,497,497,485,461,1
1304,483,522,497,655,411,404,534,360,547,491,1
1954,512,558,553,598,487,426,536,407,549,487,-1
370,534,518,575,417,564,554,468,560,443,472,1
412,442,562,411,666,344,597,464,598,441,492,1
1232,402,548,308,483,482,570,522,579,513,477,1
1790,423,380,368,557,263,341,594,310,643,484,-1
1635,409,563,352,811,297,377,549,361,566,508,1
1300,505,451,560,502,500,349,574,308,576,479,-1
1833,621,509,784,531,605,448,458,415,422,483,1
804,481,427,501,538,436,500,449,486,429,484,-1
176,521,453,593,424,535,550,441,535,400,474,-1
1420,445,573,420,532,415,536,524,523,538,481,1
526,491,560,525,538,543,400,569,370,588,482,-1
116,379,496,282,563,447,429,563,406,594,485,-1
1722,612,485,794,561,594,379,462,374,435,484,1
1734,452,478,438,438,485,448,581,420,575,474,1
1890,463,477,461,675,399,442,494,417,483,498,-1
1991,450,551,431,480,529,484,553,465,562,478,-1
506,446,555,430,795,371,495,464,478,441,503,-1
1901,429,602,392,415,588,658,475,658,453,472,1
1573,474,400,481,570,464,346,517,313,513,486,1
109,500,533,542,414,529,631,441,617,414,471,1
1659,487,456,510,363,539,570,475,538,453,466,-1
428,544,436,600,229,654,554,454,575,420,457,1
1131,395,440,320,494,377,481,559,459,555,479,1
1642,477,597,489,490,491,512,546,494,553,478,1
850,408,386,309,444,387,552,489,540,472,474,1
1743,429,561,370,592,414,568,482,564,461,487,-1
986,470,470,475,402,526,425,581,396,590,472,1
953,413,544,346,822,305,437,556,415,550,500,1
1777,509,433,567,325,592,541,469,520,440,465,1
650,536,456,623,351,650,548,432,537,401,467,1
1779,473,449,480,556,484,391,516,357,519,486,1
1084,502,529,552,395,605,496,524,476,527,470,-1
778,464,536,461,676,483,429,526,392,523,493,1
11,546,539,621,519,556,492,476,472,456,481,-1
382,521,536,593,289,701,567,509,545,491,460,-1
88,421,528,379,361,549,547,538,560,553,469,-1
712,546,572,579,467,657,574,441,557,409,476,-1
1160,413,474,353,394,413,497,586,482,612,469,1
288,478,480,494,676,377,337,546,319,572,494,1
703,474,554,483,730,475,417,519,380,516,495,1
515,457,466,439,377,449,497,571,475,596,468,-1
690,466,539,460,479,494,602,446,653,407,477,-1
865,520,540,573,765,451,358,524,342,517,499,1
1730,457,488,448,454,505,598,460,569,430,475,-1
1216,500,474,538,520,487,573,415,569,357,480,-1
1000,488,518,514,462,526,453,562,422,556,476,-1
1048,567,521,666,695,561,383,461,328,440,496,-1
1989,544,615,615,550,552,513,483,502,462,482,1
1645,506,523,554,427,547,528,517,516,506,472,1
856,467,409,469,637,386,347,542,294,559,489,-1
807,529,555,636,350,656,525,501,516,493,465,-1
763,455,393,440,693,350,288,566,260,598,493,-1
878,375,587,278,659,325,491,572,474,596,491,1
1577,517,522,581,360,606,632,432,641,396,467,1
263,455,452,442,482,503,347,592,265,610,477,-1
1563,520,449,660,356,668,572,416,568,385,468,1
232,521,546,581,608,484,408,541,325,543,491,-1
628,463,596,455,483,607,581,483,591,463,477,1
941,459,444,444,334,540,584,471,579,445,467,-1
663,543,533,630,414,688,589,428,575,366,471,-1
1972,440,620,405,547,460,600,492,607,479,483,1
931,477,582,487,434,569,530,541,528,543,473,-1
949,382,554,322,554,366,529,547,521,563,484,1
971,537,472,626,423,601,607,406,586,342,472,-1
146,347,651,268,999,289,411,570,367,570,515,1
1744,490,427,516,494,509,410,515,379,515,478,1
877,526,415,590,420,492,509,468,496,449,473,-1
1178,464,457,460,617,444,461,472,444,450,489,-1
1886,557,555,675,514,587,531,449,515,415,481,-1
1852,463,537,459,690,445,377,557,368,557,495,1
817,496,568,530,519,600,567,451,550,423,481,1
1077,473,560,479,668,474,450,501,420,490,494,-1
1250,407,408,356,459,408,562,479,545,457,476,1
1634,493,457,519,353,489,553,497,546,482,467,-1
1534,546,459,633,407,632,564,406,550,354,472,1
156,489,571,511,752,368,381,556,329,548,506,1
205,509,493,560,497,529,583,426,572,371,478,-1
757,478,472,492,661,338,300,587,265,591,493,1
1781,474,515,482,469,512,469,541,446,554,476,-1
972,543,440,642,456,485,511,456,496,430,475,-1
580,444,561,416,494,491,645,448,593,423,478,-1
1173,483,555,498,399,549,660,444,704,413,470,1
1560,417,513,390,544,442,596,470,589,448,483,-1
935,473,441,479,562,372,389,552,367,561,484,1
1552,538,502,607,344,643,611,446,588,415,466,-1
1798,485,423,509,249,552,628,465,628,449,456,-1
1309,518,439,580,509,449,464,486,439,469,480,-1
462,465,479,461,554,496,416,534,386,537,485,1
747,423,528,361,708,356,442,539,406,554,498,1
640,555,512,651,248,748,602,450,618,428,459,-1
559,479,422,493,609,458,320,554,296,574,486,1
1451,558,540,689,436,661,550,433,554,383,473,-1
1689,425,473,374,448,507,472,542,448,556,474,-1
1993,533,465,606,493,478,508,463,493,437,478,-1
1302,462,440,456,403,431,515,526,505,519,469,-1
551,397,559,285,589,384,502,534,484,537,491,1
820,452,428,423,360,572,574,462,579,430,467,-1
1428,499,408,545,340,493,527,485,509,468,466,1
1838,493,421,521,616,439,414,488,373,472,490,1
99,451,600,421,737,398,527,464,520,440,503,-1
1139,464,526,460,539,403,478,553,456,566,483,1
1317,463,555,460,471,580,546,484,556,464,476,1
656,440,572,410,557,492,465,542,442,546,486,1
1640,484,451,504,514,433,412,542,374,543,482,1
1006,382,481,262,475,401,607,476,662,457,477,-1
600,410,439,354,430,413,525,538,508,536,473,1
667,468,543,467,743,405,336,560,331,572,500,1
1841,390,487,287,496,443,424,597,408,610,478,-1
1466,523,448,606,499,515,342,590,283,600,479,-1
913,506,433,557,417,572,427,523,380,515,471,-1
1354,507,572,559,457,606,499,544,481,536,475,-1
1076,474,505,481,685,417,471,483,449,464,489,-1
96,466,443,465,356,480,473,572,449,584,465,-1
1036,533,426,603,275,669,614,382,600,360,461,1
558,532,529,607,372,713,575,439,573,408,468,-1
1487,486,404,514,348,533,493,506,475,500,465,-1
437,481,552,496,765,413,374,541,336,550,500,1
1937,499,572,546,488,597,583,441,592,413,478,-1
637,473,550,480,680,423,556,445,539,417,492,-1
50,515,413,574,521,418,425,507,395,494,481,-1
1011,453,564,426,450,507,642,448,662,416,475,-1
33,484,430,504,464,470,538,462,520,430,476,1
215,431,449,379,670,356,381,540,321,561,493,-1
809,495,443,531,493,443,436,531,419,524,479,1
588,527,439,579,482,511,364,570,309,577,478,-1
509,447,581,435,395,678,712,419,702,379,469,1
1637,475,537,484,637,395,422,557,382,570,488,1
1685,532,501,636,457,506,561,450,560,417,475,-1
461,510,535,550,620,515,352,550,298,553,491,-1
590,474,580,484,589,476,413,573,383,590,488,-1
366,482,533,496,367,597,533,527,528,526,469,-1
1639,465,506,463,400,478,489,561,469,564,471,1
1854,470,548,475,700,353,370,579,346,577,497,1
675,559,580,640,640,530,463,478,443,454,490,1
229,494,424,509,541,487,397,520,363,512,483,1
1647,483,557,503,406,571,653,433,690,410,469,1
1541,547,470,631,352,683,547,448,524,419,466,1
831,475,568,485,396,534,653,443,680,420,470,1
958,515,547,564,651,564,475,447,452,413,494,-1
305,518,432,576,461,518,381,543,353,546,476,-1
967,475,505,485,312,602,572,518,554,502,463,-1
884,521,571,572,600,530,364,584,328,585,487,-1
120,480,450,495,377,519,503,517,487,515,467,-1
1728,484,543,502,682,371,411,545,386,544,492,1
1859,445,550,408,747,381,484,481,465,461,500,-1
561,445,470,394,513,442,477,527,455,527,480,1
1995,483,528,509,541,419,482,535,463,538,481,1
1119,529,573,609,535,514,542,469,523,451,482,1
1197,474,553,483,763,431,365,540,347,537,506,1
529,512,414,579,474,600,461,454,431,424,477,1
246,517,412,574,379,583,477,479,456,460,469,1
530,454,469,439,665,430,374,545,324,550,491,1
556,491,422,527,264,596,615,455,623,416,455,-1
1987,475,408,484,437,427,487,520,468,513,474,1
655,506,547,570,345,618,653,423,665,382,467,1
1939,523,546,604,657,547,445,465,415,437,494,-1
41,479,556,493,686,399,389,552,347,580,497,1
1286,406,446,334,537,391,484,519,462,519,482,1
1982,480,482,497,421,544,576,455,556,426,472,-1
493,520,441,596,355,606,548,453,552,407,467,1
267,500,575,531,720,373,426,546,395,541,498,1
29,554,538,666,457,615,527,442,521,401,475,-1
1596,483,465,505,637,488,460,462,437,441,488,1
1644,491,511,522,607,539,496,441,477,404,490,-1
1208,445,463,422,704,254,336,599,261,616,495,1
309,513,471,577,325,620,587,454,555,409,465,1
999,487,492,506,660,418,308,576,288,589,492,-1
933,509,581,557,362,682,632,447,652,415,469,-1
591,435,464,399,389,405,497,582,482,574,469,-1
672,478,429,488,417,464,580,445,576,413,472,-1
1318,525,558,586,607,573,407,516,383,509,486,-1
816,465,606,460,528,441,501,553,492,568,481,-1
1724,369,540,298,537,377,524,564,512,584,482,1
402,523,544,567,352,611,631,446,664,416,467,1
414,548,531,652,492,621,559,421,551,375,479,-1
775,451,545,437,523,442,588,496,578,478,480,1
1170,532,461,594,376,593,616,421,627,377,467,-1
384,470,453,472,422,506,534,485,519,467,472,-1
429,503,560,568,633,619,507,426,492,388,490,-1
508,533,548,613,484,573,588,425,602,377,478,-1
4,500,424,536,451,509,387,538,385,560,475,1
1845,397,554,312,672,386,486,556,465,539,490,1
332,466,359,464,247,551,460,530,439,543,459,-1
1922,548,506,668,473,591,567,423,540,382,477,1
1262,496,529,533,548,453,481,514,462,515,481,1
892,467,595,466,451,559,522,553,510,541,475,-1
1716,479,366,493,253,622,503,505,479,493,459,1
602,429,467,384,517,419,494,520,477,513,480,1
1221,576,505,668,569,590,426,464,411,441,485,-1
1610,475,438,485,365,654,549,441,583,392,466,-1
518,470,534,474,677,407,524,462,518,433,490,-1
1238,503,429,551,484,491,311,601,255,627,478,-1
1063,564,438,679,460,550,517,419,509,374,476,-1
64,441,442,408,533,381,424,560,386,561,481,-1
720,443,490,406,459,402,578,506,555,496,476,1
1866,446,457,422,392,462,429,601,401,632,470,-1
893,465,500,462,437,539,478,537,461,545,474,1
1143,506,433,545,169,656,591,480,600,459,451,1
1204,457,488,446,404,516,525,511,521,506,471,-1
58,509,460,551,631,460,435,468,395,441,489,1
1858,461,417,450,546,372,402,534,360,545,484,1
1210,469,585,470,646,484,409,541,387,540,494,1
1459,391,518,318,435,272,482,624,462,629,473,-1
1255,492,412,526,400,641,534,437,517,401,470,-1
964,536,442,623,463,559,417,506,375,498,476,-1
1357,479,436,497,243,648,507,538,486,540,453,1
264,444,571,434,721,298,353,585,323,632,504,1
1514,410,430,362,427,401,505,557,491,546,473,1
794,459,493,452,626,398,479,481,460,462,493,-1
38,571,561,695,489,643,547,423,525,386,478,-1
1013,413,533,376,786,279,416,573,383,562,505,1
1604,490,525,515,505,498,451,554,415,544,479,-1
1066,477,411,488,338,583,478,525,457,528,465,-1
619,491,489,514,199,689,581,497,604,480,455,-1
490,539,458,639,604,483,309,597,243,571,485,-1
1035,512,540,564,349,613,550,508,550,498,466,-1
1807,476,538,487,707,423,388,545,360,560,498,1
542,480,501,495,513,480,554,459,536,443,480,-1
1473,483,444,500,464,424,465,527,445,521,476,1
837,432,448,401,591,302,436,552,403,548,487,-1
1409,446,539,431,563,337,447,586,424,603,487,1
339,532,445,605,216,693,563,457,579,430,456,1
1479,511,429,562,461,519,381,557,308,574,476,-1
1382,499,475,547,371,485,393,608,347,673,469,1
25,515,415,565,503,461,439,490,434,472,479,-1
1101,437,549,400,506,493,533,531,513,533,479,1
1532,424,497,380,502,442,557,495,557,482,480,1
1049,472,437,476,655,321,337,575,289,596,495,1
1364,409,537,321,611,371,498,569,479,555,485,1
386,513,431,567,277,565,638,429,669,385,460,-1
1297,524,466,603,286,665,561,463,564,430,461,1
812,576,547,677,456,653,544,433,538,394,475,-1
98,445,414,430,148,534,613,509,606,515,448,-1
735,446,520,413,601,452,444,532,406,532,488,1
739,474,449,482,582,456,350,555,307,570,486,1
1737,543,541,668,616,628,486,445,467,407,485,-1
1819,437,474,390,490,494,539,477,533,456,478,1
1381,460,450,456,638,361,424,525,391,526,490,-1
321,477,553,490,478,540,469,558,447,545,477,-1
320,505,444,551,490,517,413,532,384,532,478,-1
1868,480,446,498,391,579,441,549,409,529,470,1
1265,505,423,547,199,630,516,532,496,518,452,1
742,493,518,541,330,625,614,465,561,433,465,-1
1333,422,582,358,572,384,586,486,577,469,486,-1
1315,535,515,599,578,498,453,487,429,471,486,1
1611,431,579,410,500,418,487,581,469,601,479,1
1695,420,495,361,439,415,548,544,529,560,474,1
161,379,569,267,517,378,543,544,546,563,481,1
337,507,493,553,396,556,438,559,428,598,471,1
609,447,495,411,435,507,501,522,486,541,474,-1
625,404,432,302,472,378,479,564,457,569,477,1
864,532,428,609,366,593,520,457,508,428,467,1
1761,476,375,487,381,517,490,510,473,493,465,-1
118,500,434,543,232,643,527,495,520,484,456,1
1175,488,439,513,503,477,549,444,535,411,480,-1
1717,513,451,567,437,575,418,515,397,517,474,-1
1266,490,555,515,574,442,574,471,559,450,487,1
425,540,551,635,561,558,479,463,460,433,486,-1
688,467,532,468,754,408,361,563,298,578,498,1
1786,485,437,505,643,407,483,439,461,421,488,-1
1750,465,461,462,490,456,387,577,349,606,478,1
1664,511,492,563,347,635,570,477,559,455,462,-1
1785,422,486,375,586,382,413,569,383,560,488,1
681,556,573,651,522,673,526,442,517,403,480,-1
1495,394,465,321,514,355,443,573,416,608,481,1
786,427,453,367,463,431,545,503,528,494,476,1
1396,480,436,494,471,557,469,481,443,461,476,1
1246,416,556,341,617,409,602,475,599,451,486,-1
1025,453,535,434,613,489,413,546,365,565,489,1
1064,509,401,543,382,615,594,371,607,310,469,-1
1283,460,503,455,656,389,403,542,353,554,494,1
621,426,449,384,275,580,629,470,646,446,461,-1
262,479,541,494,657,418,543,462,528,441,488,1
492,525,543,602,439,698,567,437,574,386,474,-1
287,410,457,338,585,379,334,578,329,635,488,1
1980,530,443,606,230,691,568,451,566,410,458,1
1772,473,563,478,455,479,653,463,658,431,475,1
577,550,355,664,0,686,761,363,795,331,435,-1
1219,478,412,490,459,548,419,517,388,501,476,1
1467,483,483,501,377,566,436,574,410,576,470,1
1047,514,527,597,581,479,468,494,444,478,487,1
1705,484,572,502,784,413,305,592,254,601,501,1
888,463,558,463,670,384,404,567,391,573,491,1
540,490,479,521,492,448,454,538,430,533,478,1
1078,507,572,576,426,579,590,458,620,431,473,-1
1740,510,537,558,613,506,389,543,346,560,489,-1
255,432,439,368,585,392,488,491,472,476,486,-1
684,523,537,582,320,652,655,416,709,372,466,1
1955,472,462,478,422,557,454,528,424,531,472,1
1030,531,527,612,577,511,537,433,513,397,484,1
1963,504,565,542,463,591,612,457,608,429,476,-1
1018,475,436,484,333,540,456,555,434,568,464,-1
1603,406,491,344,492,471,467,575,442,578,478,-1
496,471,452,477,508,520,426,515,403,509,481,1
1588,513,492,580,443,502,482,518,463,518,474,1
1652,477,467,489,541,554,453,483,417,461,483,1
833,466,558,457,430,493,686,439,662,404,473,1
1091,590,521,698,529,638,502,430,487,386,482,-1
731,383,500,277,445,474,495,568,480,576,474,-1
1797,455,428,441,447,513,422,541,398,543,475,-1
1229,495,418,531,355,535,557,457,553,433,467,-1
1448,421,519,343,524,487,444,589,422,583,480,1
1054,426,540,406,352,633,718,414,740,379,466,1
1738,474,487,481,695,449,455,464,429,440,495,-1
343,384,590,246,622,360,493,558,475,583,490,1
430,461,560,452,403,571,688,425,714,381,470,-1
1725,451,513,427,759,249,349,597,266,618,501,1
1506,457,425,445,584,392,401,525,371,527,487,-1
1835,462,413,454,393,482,475,521,453,525,468,-1
312,468,537,469,791,422,348,548,330,550,500,1
257,442,462,410,643,390,420,524,390,519,492,-1
997,461,501,448,702,348,307,600,257,621,502,1
988,519,437,564,222,640,616,446,620,423,456,-1
1463,576,498,710,437,566,521,458,509,430,473,1
1964,455,428,437,652,291,307,571,293,587,493,1
103,424,514,383,535,416,549,501,545,486,482,-1
1095,555,535,660,137,829,767,351,777,282,450,1
1776,483,460,501,618,424,474,470,452,447,488,-1
440,469,463,471,684,392,313,561,272,568,496,1
1731,529,527,619,407,633,485,523,463,507,471,1
377,487,408,517,351,512,545,480,540,460,465,1
191,488,417,514,385,485,373,580,354,600,471,1
642,512,421,543,474,483,406,540,382,531,477,-1
548,513,542,598,398,614,607,444,590,404,469,-1
1444,554,398,650,126,797,628,442,600,386,438,1
218,508,454,553,233,641,569,480,565,460,458,1
811,441,537,427,513,528,469,531,449,535,480,1
1595,481,423,501,563,364,388,541,366,547,484,1
555,492,478,527,435,465,547,484,549,466,473,-1
976,416,590,349,568,473,633,446,652,423,487,-1
1490,509,373,572,382,571,406,519,383,514,468,-1
300,512,444,590,131,665,590,487,578,472,453,1
1609,422,539,358,521,432,482,564,466,582,481,-1
624,462,447,451,451,520,455,524,432,516,475,-1
242,415,434,377,554,343,468,534,451,529,484,-1
32,499,559,524,523,594,542,457,536,428,481,1
1528,419,526,391,454,513,518,544,499,536,475,1
1507,419,562,325,742,292,452,545,423,546,500,1
801,480,527,500,518,520,467,526,439,529,481,1
1342,485,443,508,484,481,538,449,527,416,477,-1
406,549,557,653,498,625,543,435,540,406,479,-1
1270,438,608,422,529,523,712,413,723,355,482,-1
1083,421,483,368,453,436,559,509,546,496,475,1
1615,527,493,601,539,491,517,452,503,424,483,1
1864,446,461,415,428,511,625,438,609,415,474,-1
1943,569,543,679,512,686,541,410,529,380,479,-1
1374,490,578,509,492,623,538,494,518,479,478,1
536,408,509,339,598,410,548,480,547,457,488,-1
626,478,439,491,693,419,375,518,320,511,499,1
1620,470,546,472,531,546,543,483,527,463,481,1
1696,528,538,614,599,538,366,525,315,531,492,-1
830,505,441,551,350,592,467,525,443,515,466,1
177,404,500,361,632,374,396,581,367,594,494,1
141,425,451,382,359,516,657,430,686,392,466,-1
1123,442,454,422,451,507,450,530,424,558,474,-1
959,469,500,470,685,298,355,588,305,601,494,1
1531,461,399,454,326,587,592,435,585,372,466,-1
607,527,516,591,409,612,482,524,465,518,470,1
1568,542,465,639,461,566,484,466,463,436,476,1
237,571,553,708,603,513,440,493,406,476,487,1
1542,510,438,573,368,641,575,407,552,370,468,-1
1154,478,580,489,402,536,694,453,650,419,472,1
1961,468,436,465,438,504,406,567,386,574,474,1
842,423,447,334,542,396,478,527,459,517,484,1
1916,416,549,364,534,377,516,542,509,545,484,1
1469,529,545,620,544,603,504,462,484,429,484,-1
1289,494,487,524,530,508,557,426,571,374,483,-1
1171,499,544,528,541,555,489,492,470,477,482,1
271,424,573,358,756,306,451,531,428,543,502,1
1022,483,452,504,674,337,285,608,239,600,495,1
1264,482,467,499,501,508,534,455,522,428,479,-1
307,493,436,517,352,663,573,400,594,354,468,-1
1295,464,547,467,516,439,528,538,520,534,481,1
743,452,527,441,669,453,375,527,360,547,495,1
283,512,547,552,396,530,635,436,652,404,471,1
465,406,600,307,666,472,423,567,387,627,494,1
17,460,576,444,401,533,744,435,742,392,469,1
1326,455,578,441,430,636,660,453,637,418,473,1
1599,504,465,538,569,519,456,469,432,441,483,1
1253,598,508,698,498,637,506,418,504,350,479,1
597,404,467,301,578,353,475,532,454,540,485,1
1061,504,469,556,405,622,529,460,514,428,471,-1
1548,464,534,460,415,520,626,455,636,417,472,-1
78,446,564,411,590,403,750,369,714,342,486,1
1673,471,438,477,335,526,465,546,441,541,466,-1
793,440,451,433,374,452,494,564,478,572,468,-1
957,542,570,643,443,683,586,424,602,371,474,-1
226,535,371,602,315,637,445,481,430,462,467,1
1161,545,464,649,425,567,559,407,552,388,473,-1
1524,495,475,521,623,452,522,409,513,384,490,-1
566,611,432,739,331,731,573,352,588,276,466,1
105,468,514,468,382,584,537,532,517,537,468,-1
1360,528,404,572,463,429,466,502,441,489,476,-1
571,522,423,574,400,675,540,393,537,352,472,-1
1631,480,433,493,367,616,558,440,552,405,468,-1
860,504,480,551,453,480,671,390,684,336,475,1
1912,511,425,576,462,514,329,591,288,588,476,-1
1421,495,442,538,413,660,527,439,515,413,470,-1
1472,518,450,572,377,556,513,490,492,469,468,1
1303,475,542,483,520,505,428,567,400,570,481,-1
1419,518,441,588,443,494,458,507,439,491,474,1
1416,480,441,495,360,637,566,438,547,413,466,-1
1661,469,570,469,700,328,413,559,369,585,496,1
902,442,579,404,549,400,578,511,572,501,484,1
1142,540,554,619,571,591,489,472,469,450,483,-1
995,425,561,347,780,302,414,560,367,579,502,1
1,465,526,463,431,528,488,551,469,549,473,-1
1125,562,503,636,495,546,555,410,562,370,479,-1
292,389,586,239,623,275,500,599,491,622,486,1
97,516,461,571,304,634,576,467,562,447,462,1
1508,467,503,468,402,528,531,517,522,520,471,-1
1319,454,532,441,759,370,491,471,469,451,498,-1
616,524,520,595,398,627,570,464,555,435,471,1
399,399,529,320,576,407,516,537,503,532,487,1
1682,440,493,419,533,430,543,484,530,466,482,1
1583,448,535,421,419,523,512,539,496,560,473,-1
1792,378,448,263,500,320,448,581,417,632,479,1
1670,487,522,515,481,580,544,463,530,434,478,1
65,481,541,499,325,656,609,494,637,479,463,-1
767,421,508,373,577,475,429,544,395,540,488,1
316,495,425,531,540,465,348,565,286,568,482,1
290,523,568,613,644,488,477,470,455,444,491,1
1470,435,534,391,500,401,589,507,589,491,479,1
77,485,418,507,482,449,537,449,528,422,477,-1
578,438,525,392,520,510,461,549,434,554,481,1
922,527,466,632,403,658,545,428,544,371,471,1
1029,426,458,366,464,426,486,544,466,552,476,1
1729,480,420,499,528,505,404,512,380,498,481,1
872,439,481,405,683,460,359,555,304,568,493,1
925,474,429,483,663,431,316,568,238,566,491,1
1824,494,394,512,454,550,452,479,433,459,475,1
395,539,430,609,142,685,576,481,578,456,442,1
294,480,568,497,564,548,366,584,321,603,486,-1
829,577,534,743,424,651,557,418,547,383,473,-1
358,484,556,506,614,509,494,473,478,455,491,-1
1702,473,584,479,615,486,419,555,370,538,490,1
364,408,454,310,658,295,455,532,436,530,493,-1
1600,440,396,406,638,330,327,549,263,592,492,-1
1285,458,503,443,557,486,545,455,546,432,482,-1
213,491,456,520,384,538,425,549,400,553,470,1
30,421,482,387,437,477,623,453,636,423,474,-1
693,479,535,495,572,479,388,572,380,583,485,-1
1366,374,601,207,599,339,495,593,476,631,488,1
1075,432,570,421,567,384,541,525,542,523,485,1
1978,521,474,562,397,511,640,433,655,380,470,-1
785,472,457,477,577,461,491,458,476,424,487,-1
772,509,404,561,508,416,432,512,391,506,480,-1
249,484,577,510,411,593,518,531,510,533,472,-1
125,518,444,588,462,500,504,464,484,430,476,-1
75,522,552,598,614,509,445,506,415,494,487,-1
400,466,509,465,511,505,545,472,541,451,479,1
1811,436,569,402,505,429,502,547,483,580,480,1
163,498,515,535,425,550,608,446,613,416,473,1
513,552,546,636,599,536,488,452,471,419,487,1
1998,511,507,563,524,473,543,443,548,387,481,1
1966,486,469,509,568,469,314,579,317,599,487,-1
59,463,463,459,624,431,330,549,310,570,494,1
250,467,477,464,655,420,415,494,393,485,495,-1
1493,473,477,479,460,514,413,561,372,583,476,1
14,466,586,466,710,428,504,476,486,455,495,-1
755,520,478,587,274,626,529,515,523,508,460,1
1780,544,519,630,731,525,358,482,319,459,498,-1
1189,463,547,453,672,482,425,531,383,536,492,1
1377,472,420,478,360,630,571,434,577,395,466,-1
1518,508,555,553,602,453,436,530,410,527,488,-1
1952,468,439,471,603,467,390,517,365,515,487,1
1663,475,567,484,568,525,426,558,391,558,484,-1
477,436,633,395,618,495,477,558,458,563,488,1
1424,500,444,534,509,466,574,408,579,373,479,-1
920,501,448,544,497,508,354,604,253,600,479,-1
1803,475,571,486,654,495,472,498,450,485,494,-1
464,511,522,548,518,481,592,437,592,413,480,1
371,494,440,533,483,508,296,592,248,593,477,-1
1559,449,487,430,848,343,262,594,239,593,505,1
1787,466,553,464,511,430,567,499,553,492,481,1
952,448,484,421,504,444,558,477,551,456,479,1
1585,444,529,414,473,504,512,546,497,550,477,1
326,513,375,574,483,475,420,485,382,465,478,-1
459,442,404,421,441,522,410,548,389,537,475,-1
27,501,549,533,605,522,321,611,277,651,487,-1
220,501,573,546,546,525,441,557,427,582,482,-1
353,511,564,550,590,532,405,533,378,540,485,-1
202,408,515,316,451,494,558,526,552,517,475,1
1351,575,379,665,223,763,577,408,597,358,455,1
471,419,420,328,343,434,555,537,547,532,465,1
1981,462,392,458,310,530,416,585,370,618,463,1
947,537,347,612,339,644,415,499,369,485,463,1
200,501,545,550,555,558,544,429,543,386,483,-1
1567,469,462,471,485,520,413,559,368,561,478,1
853,479,523,492,441,540,475,544,454,546,474,-1
284,413,513,342,586,414,531,504,507,496,486,1
579,406,416,328,589,313,399,579,361,581,486,-1
433,529,556,605,663,568,444,456,420,422,492,-1
954,530,399,605,152,675,514,520,497,517,451,1
1917,470,459,474,620,447,339,554,298,575,489,1
1252,422,501,342,401,490,547,540,538,558,470,-1
1237,487,531,516,470,486,563,498,554,482,476,1
645,567,467,663,421,642,507,429,492,413,473,1
1151,483,575,505,443,487,615,474,635,449,474,1
1499,431,503,399,555,411,560,478,549,456,482,-1
1365,373,415,250,317,391,511,573,491,619,465,1
1578,501,490,519,333,645,524,497,517,489,464,1
60,443,404,404,649,302,362,557,328,581,488,-1
838,531,470,618,385,600,562,445,548,412,470,1
1828,453,481,430,728,393,452,482,430,462,495,-1
798,385,566,298,606,393,520,550,508,562,487,1
101,480,441,497,411,518,589,444,573,405,471,-1
709,489,549,517,688,397,391,550,368,552,492,1
1581,473,505,480,561,402,534,479,535,456,485,-1
130,522,535,590,604,488,359,545,351,566,488,-1
784,533,421,617,469,483,485,461,464,434,476,-1
143,445,518,413,650,372,429,542,403,529,494,1
328,543,549,620,502,574,522,451,503,431,479,-1
1791,454,553,437,689,397,469,511,444,510,492,1
635,549,416,655,208,714,576,431,574,398,459,1
357,545,488,632,530,500,563,408,543,370,481,1
1763,531,535,611,573,501,391,566,349,553,484,-1
732,422,511,377,474,437,614,480,614,457,477,1
636,440,418,417,321,455,500,556,479,570,465,-1
1340,558,465,664,442,529,551,426,556,395,473,-1
453,403,395,361,512,490,373,569,303,607,479,-1
694,443,438,401,429,452,576,480,561,463,472,-1
1862,499,437,545,354,607,576,411,597,368,467,-1
1155,501,453,533,676,337,302,579,259,597,492,1
436,458,439,448,287,609,597,432,604,396,463,-1
1223,504,470,550,243,629,587,489,576,475,461,1
1159,469,569,472,481,600,579,462,580,441,477,1
1017,495,554,531,752,401,371,545,343,559,498,1
354,451,465,439,321,554,581,476,597,455,463,-1
596,482,533,502,484,479,539,502,529,488,478,1
1933,494,520,531,634,492,369,561,302,559,490,-1
423,489,556,513,623,466,562,446,549,409,489,-1
155,441,489,401,393,570,676,429,640,386,470,1
1913,497,460,541,504,480,581,420,562,398,480,-1
1145,490,528,515,691,386,381,549,301,559,499,1
908,414,457,363,541,403,464,545,433,543,482,1
728,476,550,486,626,359,446,549,421,561,489,1
692,493,450,530,419,492,389,576,340,595,472,1
1169,551,596,661,602,650,484,454,464,419,486,1
1227,424,461,378,541,432,479,520,459,507,483,1
1478,387,412,313,347,378,523,560,512,583,466,1
197,459,418,448,336,479,441,578,427,567,466,-1
1310,421,478,349,453,490,469,556,444,567,475,-1
1941,508,555,559,715,439,486,476,466,458,492,1
1643,524,522,570,402,532,520,515,502,511,471,1
857,456,459,450,588,467,453,492,434,480,486,1
1412,419,437,368,384,443,549,535,547,526,469,1
1920,507,459,554,295,574,579,457,595,431,463,-1
258,469,559,470,637,501,450,511,416,504,493,1
1462,488,478,510,339,576,468,555,446,543,466,1
714,528,554,614,388,672,598,422,623,390,470,-1
44,484,515,506,633,483,320,580,291,607,489,-1
268,468,446,470,509,415,493,500,472,489,480,-1
1830,502,447,538,520,477,358,575,285,612,480,-1
756,474,450,482,651,445,454,472,423,446,490,-1
388,399,570,285,604,360,496,561,484,577,487,1
134,493,542,514,610,412,451,530,422,528,488,1
1526,444,468,402,661,366,423,524,404,518,494,-1
184,455,464,431,384,472,463,566,441,593,467,-1
1871,503,433,552,317,612,494,501,475,491,463,1
1391,463,557,457,517,414,521,546,508,553,480,1
119,440,517,401,480,506,468,552,451,566,477,1
1979,538,486,640,511,481,528,449,516,417,480,-1
144,484,424,506,468,485,539,436,549,400,476,-1
1876,530,454,601,415,619,532,434,523,405,472,-1
648,512,426,552,160,584,626,437,645,393,452,-1
994,428,464,369,452,487,475,542,454,558,475,-1
1162,423,594,375,590,425,594,480,584,460,487,-1
1597,547,446,685,406,643,475,452,452,431,472,1
1335,496,535,530,454,523,535,492,536,475,475,1
1549,486,530,502,638,419,433,549,402,552,493,1
448,479,404,493,354,525,596,423,604,385,466,-1
413,492,445,519,514,556,458,465,443,442,480,1
803,491,437,517,203,666,520,515,507,508,454,1
444,514,374,580,453,596,445,466,410,443,475,1
740,445,534,415,442,538,594,475,603,453,474,1
1050,495,386,522,365,470,571,434,565,393,467,-1
390,477,562,488,433,649,640,411,658,370,473,1
685,446,444,413,638,384,412,526,381,528,493,-1
168,461,464,457,335,592,554,481,546,459,464,-1
1884,514,522,585,573,462,488,496,466,486,483,1
306,408,551,358,606,404,496,543,476,546,487,1
308,498,429,526,322,602,479,516,457,517,465,1
1736,468,638,466,663,459,635,396,657,349,496,-1
22,477,410,490,331,577,608,446,594,403,462,-1
633,505,557,571,434,611,477,533,457,534,474,-1
1902,502,439,550,191,641,591,466,584,443,454,1
1042,423,440,357,597,396,488,491,470,478,488,1
183,518,463,561,339,569,605,439,587,404,466,-1
1614,474,440,482,662,396,386,541,338,550,492,-1
1150,521,535,587,378,659,492,526,475,525,468,-1
1378,499,494,541,389,559,439,556,418,573,470,1
880,476,532,486,543,419,508,530,492,533,482,1
1334,474,443,482,340,613,576,442,590,392,468,-1
1082,450,460,424,462,504,453,538,424,551,476,-1
1347,456,642,439,815,439,586,430,573,380,502,-1
1375,453,591,434,580,429,629,477,612,457,488,1
1586,477,545,489,405,578,622,468,609,438,470,-1
1756,477,533,486,668,447,536,434,523,395,494,-1
1622,538,506,633,551,523,521,434,511,390,484,1
879,505,452,568,429,615,493,465,477,442,473,1
912,495,459,514,362,543,598,461,565,437,468,-1
243,467,456,469,331,600,602,455,604,430,465,-1
718,524,473,608,312,675,567,453,553,427,464,1
238,504,606,551,826,461,396,517,330,508,506,1
818,469,409,473,290,528,503,530,487,518,461,-1
897,465,514,463,483,509,509,517,499,504,477,1
479,483,486,504,633,475,495,435,479,394,493,-1
598,480,454,494,381,503,559,468,574,439,470,-1
985,495,551,528,602,519,429,522,400,534,485,-1
870,548,433,653,444,599,444,477,409,454,475,1
705,480,510,494,293,619,717,412,675,365,461,-1
713,544,527,651,569,493,508,466,492,439,485,1
276,393,564,264,824,297,424,555,385,580,503,1
1332,534,415,631,325,660,553,428,542,380,463,1
652,513,541,567,386,620,641,447,630,405,468,1
186,482,431,502,355,569,495,512,479,501,467,-1
1767,499,475,533,541,526,390,528,364,529,483,-1
1207,438,532,421,693,369,438,537,419,527,492,1
1369,487,406,506,417,551,424,513,393,514,472,-1
1703,471,419,476,328,668,594,408,589,367,466,-1
716,418,402,308,520,387,499,506,481,503,480,1
863,476,546,487,733,384,313,553,264,589,505,1
1060,475,418,485,517,453,518,454,502,427,480,-1
102,463,450,458,440,451,398,600,357,633,473,1
1882,504,530,534,598,446,431,524,399,524,490,1
1292,523,527,577,639,484,408,513,352,503,492,-1
1052,439,551,396,503,441,539,534,522,524,479,1
1905,421,540,371,549,502,467,552,447,554,483,1
1934,551,535,657,423,642,576,443,571,404,472,1
438,449,462,430,574,486,329,559,323,590,486,1
240,498,563,528,677,410,408,531,369,536,494,1
1488,535,433,617,472,547,521,429,505,386,477,-1
285,472,501,479,353,589,502,548,486,559,466,1
546,460,525,458,489,507,628,439,594,410,478,-1
1104,483,541,506,602,490,483,487,460,468,490,-1
1480,408,559,317,612,410,581,481,572,463,488,-1
1305,523,423,595,479,536,488,449,470,413,477,-1
5,458,468,445,667,429,348,545,316,557,493,1
1690,469,419,468,432,534,418,532,387,540,471,-1
827,433,574,390,560,424,558,528,562,518,484,1
401,465,531,461,639,400,515,473,497,450,493,-1
1988,441,554,399,503,498,621,460,619,431,479,-1
1453,453,457,431,318,574,636,423,668,392,463,-1
1146,431,416,387,275,541,692,433,732,401,460,-1
1883,503,567,551,485,587,440,558,420,566,478,-1
1861,470,569,472,629,506,386,566,313,561,490,1
665,476,548,487,456,531,502,536,486,544,475,-1
1457,509,461,555,298,569,592,456,592,435,464,-1
1658,545,582,642,626,527,360,555,330,556,488,-1
16,435,432,393,408,509,450,551,422,544,471,-1
808,472,530,476,568,419,459,544,435,553,484,1
1103,504,528,549,616,485,407,536,365,534,489,-1
1969,499,600,538,880,468,408,500,369,487,504,1
80,543,416,624,458,516,329,564,292,587,475,-1
1413,457,533,436,680,473,411,532,382,558,492,1
1280,484,511,500,466,437,524,524,506,515,476,1
1327,480,394,500,444,449,372,576,350,592,474,-1
1202,538,580,632,656,483,451,493,428,485,494,-1
1224,466,551,461,702,462,409,532,391,550,496,1
277,581,497,705,436,640,553,430,532,388,473,1
759,503,541,541,439,585,480,541,459,539,473,-1
1680,520,541,586,324,578,761,385,784,333,466,1
291,565,506,650,504,601,519,437,499,404,479,1
1198,435,610,397,774,417,481,504,460,502,502,1
781,517,566,568,543,482,571,456,564,417,482,1
678,479,580,495,462,637,622,431,616,392,476,1
1051,533,464,596,523,576,502,426,488,389,481,1
458,466,503,468,605,402,557,459,543,431,491,-1
683,527,475,590,221,708,521,509,507,508,456,1
840,373,513,244,532,432,444,614,415,646,482,-1
907,497,451,531,494,508,445,512,417,495,478,1
256,540,520,643,399,601,562,460,549,438,470,-1
1383,523,469,616,536,485,487,464,467,440,482,-1
259,478,478,490,617,347,322,598,297,606,492,1
1067,503,474,551,510,429,442,530,409,537,481,1
749,502,445,535,298,585,609,455,615,425,459,-1
207,463,537,456,683,407,562,447,536,422,492,-1
417,462,456,453,686,359,383,524,350,530,496,-1
1244,501,588,546,480,552,491,532,474,535,477,-1
859,470,536,472,455,455,489,561,469,572,475,1
1660,525,468,604,368,693,558,420,545,379,469,1
1316,417,561,309,774,287,419,567,381,570,505,1
1873,472,484,479,643,355,329,572,274,603,492,1
1656,480,473,491,603,447,482,465,462,437,489,-1
311,548,474,643,443,673,604,333,597,277,474,1
1228,493,412,517,361,623,594,409,578,350,468,-1
1348,464,476,461,549,495,409,545,395,541,484,1
1985,525,555,587,577,533,491,473,474,449,487,1
1977,506,618,553,683,446,503,490,482,477,496,1
1071,520,424,596,411,551,337,581,308,584,472,-1
1896,477,449,488,363,498,534,519,511,506,466,-1
1932,545,538,635,391,622,596,439,570,408,471,-1
43,476,567,486,540,542,515,497,500,481,482,1
1813,509,469,560,567,478,324,574,244,629,485,-1
866,497,418,527,339,551,365,572,348,599,466,-1
1893,456,500,435,602,470,510,481,489,459,485,1
819,556,442,643,405,629,499,441,488,403,471,1
1502,439,413,403,470,528,408,551,383,557,477,-1
1393,543,424,646,480,481,487,452,467,429,477,-1
1638,475,467,485,359,574,596,444,610,421,467,-1
746,465,534,464,707,420,395,548,380,545,496,1
1619,425,546,368,502,434,607,498,603,481,479,1
1099,398,524,328,507,414,551,531,544,526,480,1
188,444,527,422,434,547,602,469,607,444,473,1
810,517,466,610,490,578,461,472,433,449,478,-1
1268,538,452,654,367,635,545,433,547,370,468,1
36,540,565,604,492,589,534,470,526,444,479,-1
973,430,503,381,418,540,613,436,644,404,472,1
1245,455,476,438,397,561,618,446,609,410,470,-1
710,448,553,411,551,511,476,537,455,539,482,1
1414,468,522,463,437,519,638,438,666,406,474,1
1356,389,580,327,799,310,465,535,443,543,505,1
1768,493,399,525,434,465,454,506,425,490,474,1
823,458,527,451,396,555,656,427,651,413,470,-1
233,384,561,267,558,392,522,545,521,583,484,1
164,560,425,719,385,705,463,447,444,427,470,1
1829,485,527,502,493,571,575,458,553,421,479,1
1686,539,560,648,583,591,455,475,428,449,487,-1
389,562,543,694,557,619,509,412,493,363,485,-1
603,453,553,428,494,443,510,546,492,579,479,1
1826,540,539,645,657,589,471,439,448,391,489,-1
392,499,481,540,487,453,440,543,403,540,478,1
1400,490,543,526,572,486,489,487,469,470,488,-1
1188,415,451,355,493,362,493,555,472,544,478,1
511,551,422,674,202,663,711,386,717,332,452,-1
1990,514,536,569,385,656,589,450,581,426,469,-1
1111,449,528,430,541,478,420,584,377,571,483,-1
1118,470,535,472,399,610,626,426,629,407,472,1
301,522,533,587,605,590,513,430,492,402,487,-1
338,465,574,466,770,325,337,601,293,603,499,1
1133,460,483,453,516,472,535,475,519,450,481,1
969,503,441,542,500,500,340,589,277,621,479,-1
1427,423,408,385,265,459,591,499,606,490,461,1
1953,481,469,497,668,412,337,566,286,597,492,-1
369,485,416,505,460,518,359,552,315,556,476,1
1079,409,556,318,558,470,486,560,467,574,484,1
541,474,475,481,380,465,502,557,489,551,468,-1
1605,464,462,462,617,445,441,493,413,480,488,-1
1249,466,454,467,505,518,399,548,356,557,479,1
1087,486,430,507,488,435,537,449,528,421,478,-1
1431,552,484,656,453,530,553,429,548,394,475,-1
773,500,463,570,516,448,420,530,393,529,481,1
1814,487,561,515,552,503,444,566,404,574,483,-1
1034,547,540,618,423,605,659,402,677,369,471,-1
1405,368,613,227,655,302,489,614,472,632,492,1
336,453,521,438,701,397,379,550,347,556,496,1
483,432,565,372,566,484,422,584,387,606,486,1
1313,474,520,483,591,507,524,454,512,431,486,-1
647,514,448,550,576,528,441,459,418,438,485,1
1894,497,489,537,634,422,518,434,507,386,493,-1
1445,494,393,529,509,513,358,512,311,506,480,1
627,462,536,460,414,622,622,436,628,408,470,1
643,492,535,524,439,521,592,478,590,457,474,1
266,453,543,439,674,462,423,545,373,542,496,1
1986,467,458,469,662,412,408,498,378,483,496,-1
463,556,512,640,404,695,557,421,547,378,470,-1
158,540,423,675,378,593,532,438,517,394,469,-1
822,477,476,489,613,436,487,475,464,454,487,-1
84,413,532,357,538,420,556,496,558,479,484,-1
510,495,441,530,505,425,433,529,400,542,479,1
649,428,575,391,651,308,415,600,388,633,490,1
23,478,437,489,523,504,376,538,352,544,481,1
1442,516,460,584,276,610,477,545,457,548,461,1
172,489,398,509,347,528,421,554,377,595,467,1
868,447,470,433,340,606,663,401,711,366,464,-1
1897,476,568,485,794,433,354,542,349,539,501,1
270,555,553,705,566,624,478,454,455,423,485,-1
275,490,495,515,606,532,510,438,488,404,488,1
1809,514,444,580,461,535,421,522,394,511,476,-1
1187,440,563,406,519,486,614,449,625,416,480,-1
1727,473,453,481,423,538,485,516,464,504,472,-1
875,452,566,431,515,470,626,462,638,435,480,-1
634,521,549,562,325,682,519,521,511,510,465,-1
348,430,527,373,400,561,648,458,674,428,469,1
1288,498,449,522,489,384,446,526,412,523,478,-1
867,444,456,407,780,216,295,632,211,649,496,1
62,511,526,567,628,581,509,427,488,394,487,-1
512,411,429,368,285,459,542,558,536,566,459,1
895,476,546,485,582,389,459,542,431,547,487,1
199,430,538,361,498,384,500,579,487,608,479,1
780,555,482,660,552,558,337,549,264,527,485,-1
442,476,551,487,613,468,540,450,539,404,490,-1
1200,358,518,258,488,466,520,551,502,570,478,-1
1951,506,458,562,549,515,447,477,414,456,484,1
797,428,572,402,560,550,616,432,595,407,485,-1
962,495,535,531,452,478,427,580,387,630,475,1
1134,494,483,529,398,579,522,494,516,474,470,-1
415,435,507,392,552,409,521,506,508,500,482,1
1773,473,545,480,726,441,373,552,309,575,495,1
564,542,473,625,513,591,517,421,499,386,480,1
869,465,439,466,277,519,603,488,613,473,461,-1
974,458,467,441,590,473,365,560,330,565,487,1
1153,460,579,454,518,445,505,579,481,588,480,1
409,545,407,626,166,724,567,439,580,390,450,1
1914,448,520,438,417,495,541,536,525,534,472,-1
768,411,425,339,407,430,521,528,516,527,469,1
1172,443,575,409,729,312,337,594,288,647,507,1
876,476,550,486,650,457,420,527,391,528,494,1
1149,499,425,531,247,550,698,423,679,388,458,-1
1141,469,492,470,378,611,531,502,515,498,466,-1
1182,467,581,469,618,511,373,581,328,595,488,1
1751,425,471,384,499,419,499,526,478,530,479,1
975,451,544,439,683,349,512,465,498,433,498,-1
1911,515,510,611,618,468,374,535,328,545,489,-1
741,437,506,414,432,461,558,517,535,518,474,1
644,509,573,564,650,576,491,450,475,426,489,-1
846,490,625,512,455,623,629,442,637,419,475,-1
923,519,514,574,663,488,351,546,313,540,495,-1
582,480,443,496,782,339,214,595,243,641,500,1
1856,377,559,273,513,359,530,583,524,598,481,1
149,468,585,468,686,443,557,428,539,394,499,-1
189,538,453,617,329,632,574,420,568,365,463,1
445,472,575,477,693,426,499,491,487,472,495,-1
1098,477,433,488,426,549,460,512,436,506,473,-1
1713,523,536,578,595,548,474,454,456,430,493,-1
1447,455,531,438,542,388,478,557,459,585,484,1
473,528,543,602,650,524,451,472,420,452,490,-1
1440,458,585,446,434,610,661,449,639,415,473,-1
1037,352,584,238,584,342,506,590,493,662,485,1
230,502,532,549,584,480,572,436,565,394,484,1
638,464,512,459,665,399,484,487,462,469,494,-1
1209,402,455,321,570,349,444,543,424,546,486,1
1165,434,485,398,475,447,394,606,370,627,477,1
350,460,594,453,787,397,412,542,387,535,505,1
362,473,440,480,273,505,555,520,541,505,465,-1
1592,506,616,560,532,583,474,528,451,521,481,-1
1233,480,582,496,744,442,375,533,329,537,501,1
1024,458,516,440,755,389,301,578,278,612,500,1
956,491,405,522,367,615,495,468,476,446,467,1
1074,517,551,566,527,527,405,552,398,546,482,-1
368,471,461,476,348,589,588,460,568,443,464,-1
1044,443,560,407,707,401,494,507,476,499,490,1
617,491,460,520,388,623,520,467,512,443,469,-1
1516,444,385,432,316,509,444,587,407,587,461,-1
682,472,450,480,351,558,466,539,451,527,469,1
1565,482,400,497,345,497,475,523,455,524,467,-1
677,447,524,434,454,472,586,489,584,475,475,1
104,561,489,611,430,617,551,430,552,379,474,1
139,417,557,357,548,504,514,534,506,526,483,1
1593,575,477,693,577,557,376,491,358,473,484,1
776,518,422,559,236,591,634,431,642,404,456,-1
631,552,460,677,352,680,558,420,550,374,465,1
940,378,579,292,611,356,494,574,474,607,487,1
1330,534,448,625,254,682,591,454,587,417,458,1
214,461,498,449,521,441,582,464,554,435,481,-1
839,451,602,439,411,672,636,467,610,437,471,1
1793,465,453,466,547,511,400,523,364,525,483,1
1654,470,386,473,255,484,521,537,506,530,455,-1
1687,456,439,439,349,535,700,409,737,343,464,-1
418,514,466,575,355,540,600,436,613,401,467,-1
216,442,401,401,605,341,347,594,258,637,488,1
1636,467,498,465,688,383,441,518,401,514,489,-1
1983,468,419,469,353,525,567,470,551,448,465,-1
1129,425,432,384,283,516,661,452,670,425,465,-1
1279,543,471,655,450,601,568,399,592,353,475,-1
1674,540,425,643,387,669,469,458,444,432,467,1
610,444,538,417,415,547,514,545,512,569,471,-1
1975,464,525,460,472,442,515,550,497,556,476,1
764,408,577,308,676,343,579,509,575,496,488,-1
1263,558,484,660,465,614,503,443,482,401,476,1
90,462,497,454,676,379,388,539,341,544,493,-1
722,387,567,272,825,292,428,548,402,558,505,1
1919,514,568,571,497,558,445,548,407,561,479,-1
422,510,573,563,578,514,466,512,445,514,486,1
1486,533,539,589,585,506,551,422,535,385,489,1
924,468,484,466,722,364,357,557,264,589,504,1
1683,544,488,629,428,516,576,444,579,405,473,-1
1277,437,447,411,390,398,521,557,511,554,471,-1
1540,528,401,613,496,455,449,488,419,471,478,-1
858,467,501,469,471,555,589,440,579,397,476,1
398,452,575,423,704,416,419,534,413,536,496,1
387,461,539,461,612,472,406,572,364,557,490,1
171,487,484,508,500,541,548,449,527,417,480,1
383,387,603,340,659,402,600,500,563,491,495,-1
802,499,445,544,547,415,385,553,355,544,483,1
845,554,531,660,478,551,540,456,544,416,477,1
1562,506,519,536,575,421,391,580,360,595,488,-1
1105,457,474,443,687,402,281,596,266,601,493,1
487,485,463,507,627,336,344,584,309,597,491,1
770,550,553,667,573,538,403,522,383,505,485,-1
1027,447,495,415,491,441,472,569,450,559,478,1
1454,438,571,378,587,486,445,567,420,584,485,1
1503,427,438,412,402,442,614,448,630,411,472,-1
225,445,536,411,592,453,513,497,500,480,489,-1
525,476,430,486,355,604,554,443,550,408,467,-1
777,529,434,590,360,614,514,453,492,424,467,1
550,544,537,634,633,509,363,531,322,548,491,-1
1992,459,424,446,362,541,637,434,654,394,462,-1
1723,481,462,500,461,494,487,500,467,494,475,-1
573,550,572,608,604,527,480,476,459,453,487,1
1843,577,517,676,294,711,654,406,658,355,458,1
514,556,432,639,489,587,502,403,486,381,478,1
660,428,512,407,551,442,515,508,504,502,482,1
929,487,429,513,569,456,333,549,296,557,485,1
1721,511,448,556,593,516,433,461,415,429,488,1
1967,512,449,561,252,655,579,455,566,416,462,1
71,406,459,352,559,400,470,532,448,524,483,1
19,448,474,444,667,439,331,575,320,597,492,1
340,468,537,465,439,513,538,521,523,540,474,1
1449,428,412,384,337,488,634,464,594,430,466,-1
942,494,536,525,366,572,681,412,671,359,466,1
1110,462,541,464,599,441,414,573,385,590,488,1
914,479,577,496,587,530,392,578,340,600,487,-1
1554,479,457,494,332,524,459,580,431,591,466,1
1338,546,589,616,447,638,614,422,609,392,474,-1
1417,449,441,449,433,459,600,451,579,422,474,-1
1805,520,569,598,631,483,370,566,329,593,488,-1
882,486,425,511,364,639,572,427,579,392,468,-1
889,506,556,553,518,512,579,459,550,438,481,1
1898,391,616,316,533,356,645,496,646,479,481,1
1243,540,447,618,414,590,551,410,561,376,472,-1
280,475,539,485,332,597,713,433,707,390,466,-1
1525,539,477,599,386,661,555,439,561,409,469,1
943,427,502,394,519,403,476,558,455,560,481,1
499,481,446,497,608,409,468,476,445,451,486,-1
1881,522,562,589,759,408,387,529,348,524,499,1
1174,458,451,446,378,526,501,535,486,532,468,-1
991,446,458,427,301,564,597,474,604,456,463,-1
480,545,471,662,443,555,574,420,545,355,474,-1
1021,446,535,422,586,340,419,569,378,590,489,1
222,461,528,451,699,370,421,538,393,546,498,1
420,497,448,531,484,484,579,403,585,362,478,-1
834,510,443,577,351,599,486,510,467,497,466,1
381,541,480,656,352,670,488,498,469,481,468,1
1164,422,444,359,507,460,359,580,325,637,479,-1
978,517,432,584,404,537,543,445,529,412,471,-1
1371,491,381,515,465,385,382,543,351,534,476,-1
443,517,443,568,491,499,409,526,381,521,478,-1
352,472,524,477,417,536,645,445,653,406,472,-1
1056,473,536,479,443,494,547,518,533,518,474,1
936,533,517,613,589,476,449,499,425,485,486,1
1646,453,523,434,515,389,492,556,472,559,481,1
310,403,489,317,414,477,508,562,491,593,471,-1
1137,453,460,428,338,603,584,465,612,438,462,-1
1062,489,479,522,429,513,541,477,537,454,473,-1
140,478,532,489,643,462,519,458,501,437,489,-1
1362,483,553,499,630,444,429,518,388,543,493,1
0,515,419,568,181,628,648,434,658,401,452,-1
1929,475,458,485,647,424,354,546,299,537,495,1
1402,479,410,492,287,576,483,533,464,513,464,1
921,435,513,402,557,479,431,543,410,563,484,1
1760,551,461,689,466,514,529,434,527,399,476,-1
1853,429,463,396,448,444,521,517,503,515,474,1
1358,495,391,529,315,645,440,536,420,543,457,1
1355,482,424,500,365,650,582,421,590,375,467,-1
828,566,542,652,554,625,480,450,459,424,484,-1
569,505,413,533,383,572,461,502,435,491,470,-1
1132,462,432,458,362,579,577,450,575,426,467,-1
1936,420,572,376,531,453,662,448,696,423,481,-1
495,540,440,615,460,661,485,434,465,383,475,-1
1376,461,432,446,291,490,490,549,472,580,461,-1
1108,438,485,409,655,364,401,545,376,582,492,-1
1301,421,528,379,519,504,472,553,452,576,480,1
12,539,517,659,469,594,570,422,558,383,476,1
1513,533,534,606,647,534,426,493,383,474,494,-1
664,376,506,247,582,342,423,616,388,634,488,-1
873,445,423,423,349,530,617,455,631,421,465,-1
127,568,434,763,475,619,417,468,394,440,477,1
455,438,462,407,399,500,664,442,611,403,469,-1
1517,462,520,457,652,407,346,563,316,579,493,1
534,476,463,485,634,399,453,483,434,463,494,-1
7,439,516,401,584,437,384,590,372,609,484,-1
123,450,435,424,466,419,546,480,540,461,476,-1
13,508,410,571,498,462,438,488,420,471,479,-1
1398,519,524,572,593,533,404,523,396,512,486,-1
1784,487,391,513,275,510,607,426,655,380,460,-1
1701,519,532,586,309,667,556,495,555,480,461,-1
1477,381,542,284,556,357,544,546,533,536,482,1
587,481,530,496,628,426,433,539,425,550,490,1
303,490,579,516,808,342,383,561,316,571,505,1
615,416,493,369,426,489,526,535,515,543,473,-1
1452,500,459,532,405,494,511,501,496,493,471,1
900,476,549,485,651,446,377,556,315,561,492,1
629,453,462,436,424,494,587,449,616,406,473,-1
1794,519,468,571,281,636,568,468,570,443,461,1
1482,468,544,468,405,573,516,549,499,547,471,-1
592,502,467,548,395,557,567,454,575,433,468,-1
531,480,505,495,351,571,657,426,645,382,466,-1
990,379,602,285,706,358,483,566,463,570,496,1
1849,466,549,462,552,462,447,561,417,554,483,-1
1307,417,448,352,551,400,472,517,452,517,485,1
446,497,534,538,328,611,706,417,774,368,467,1
724,493,450,518,392,574,544,454,526,435,469,-1
1812,553,527,655,688,650,357,458,332,435,495,-1
424,505,431,573,409,623,527,430,509,386,472,-1
51,543,480,645,476,471,523,460,524,428,477,-1
848,444,467,411,567,409,488,500,467,486,485,-1
1235,499,464,527,383,621,514,460,507,435,470,-1
1350,493,480,511,447,493,570,459,567,430,475,-1
1676,458,539,441,524,518,473,533,448,542,481,1
562,479,380,494,317,535,613,438,594,396,464,-1
1817,487,454,504,563,430,516,457,496,433,483,-1
601,543,554,674,690,526,385,510,326,505,497,1
223,483,433,500,550,456,511,438,497,395,484,-1
891,493,450,527,588,382,389,550,366,555,486,1
108,473,380,480,310,500,559,468,567,448,463,-1
641,403,592,301,592,367,516,567,504,568,487,1
48,469,392,470,734,340,256,540,221,570,497,-1
1704,458,449,453,419,519,474,535,454,525,471,-1
204,483,425,498,622,444,496,427,478,399,489,-1
659,440,420,412,525,371,444,530,415,539,483,-1
279,436,461,359,405,504,479,539,459,563,471,-1
668,430,493,399,463,497,478,539,460,549,476,-1
478,469,401,471,335,526,603,449,598,409,465,-1
1947,453,586,430,560,430,485,585,466,597,483,1
1623,512,548,557,340,624,641,471,604,448,464,-1
825,510,529,552,398,559,614,452,640,415,471,1
180,526,448,616,236,682,561,458,552,427,457,1
919,439,541,411,499,505,528,516,518,500,479,1
441,488,548,513,451,521,568,494,558,479,475,1
1974,464,451,463,369,447,544,523,535,510,467,-1
100,525,446,581,511,516,388,535,348,524,480,-1
1180,472,536,478,466,583,576,470,555,449,476,1
761,500,390,539,514,457,407,506,370,493,480,-1
1016,486,438,503,341,637,597,412,589,373,467,-1
76,542,474,624,452,526,543,439,550,407,475,-1
1458,406,485,343,673,291,408,562,375,583,492,-1
173,502,554,551,392,605,607,450,610,423,471,-1
1770,490,441,522,568,464,398,519,371,513,483,1
1545,397,531,315,531,476,469,570,444,597,481,1
585,470,546,476,492,468,538,529,524,528,478,1
1820,477,534,489,720,341,385,536,362,561,495,1
1616,459,506,445,461,440,523,536,502,543,475,1
1831,475,536,486,508,533,542,474,537,449,480,1
1694,483,537,503,348,629,592,488,594,472,465,-1
965,446,569,425,497,443,519,557,495,587,479,1
1096,534,494,627,440,602,598,403,613,351,473,-1
254,502,555,539,643,554,492,449,475,430,491,-1
416,539,549,564,609,460,456,495,433,483,492,1
235,431,511,380,641,355,450,534,426,548,494,-1
391,500,548,527,430,536,591,475,578,450,473,1
1665,420,604,356,669,472,489,544,468,543,488,1
909,444,530,421,707,326,434,551,402,538,493,1
1697,531,545,645,540,503,545,449,548,424,484,1
1314,413,479,356,618,334,467,542,442,540,490,-1
293,469,522,473,487,552,580,457,575,434,478,1
789,455,581,444,496,439,514,557,491,563,479,1
1387,491,434,508,229,688,528,521,522,517,451,1
1572,430,405,400,571,364,426,545,388,542,484,-1
178,446,445,423,608,351,415,539,393,539,489,-1
654,441,501,420,436,492,574,494,564,481,473,1
896,530,486,610,296,713,590,441,607,408,456,-1
1719,493,438,523,219,627,518,523,504,525,458,1
504,510,484,563,410,559,441,545,415,539,471,1
1329,540,460,658,605,536,450,446,413,418,488,1
1339,449,423,409,380,495,579,466,592,439,467,-1
1837,432,520,393,487,499,530,523,525,506,478,1
760,487,570,509,416,604,608,452,644,418,472,-1
498,482,562,503,684,483,566,419,563,367,496,-1
1948,483,441,506,481,527,429,519,402,512,477,1
53,433,452,377,367,496,462,604,437,618,469,-1
403,522,524,581,363,677,587,447,579,405,466,-1
40,466,453,457,621,453,356,538,329,543,489,1
1550,488,634,511,502,619,659,445,661,411,479,-1
815,503,558,543,544,461,589,436,617,405,484,1
1815,433,595,408,514,455,626,469,645,444,480,-1
1004,397,432,302,548,370,444,548,419,562,483,1
707,517,500,559,402,591,554,462,558,437,471,1
1291,531,426,619,292,687,582,415,573,358,463,1
1655,531,549,625,607,493,363,546,340,557,491,-1
696,479,426,494,362,519,491,514,472,514,466,-1
1844,485,422,503,222,557,620,465,645,444,450,-1
1158,529,544,610,509,569,411,546,382,562,480,-1
1994,505,515,531,536,495,598,414,611,368,484,1
1921,454,556,438,680,413,560,463,557,431,491,-1
708,492,581,521,782,454,423,510,368,502,502,1
111,501,514,539,664,493,280,602,251,623,489,-1
224,478,471,492,396,535,548,492,531,476,469,-1
9,414,590,351,580,407,628,464,640,433,489,-1
330,495,535,534,346,594,668,370,763,297,467,1
560,449,496,414,655,406,479,493,460,479,493,-1
589,474,420,481,335,584,589,432,567,384,465,-1
1152,457,493,439,454,510,433,576,415,583,475,1
1341,503,556,536,655,412,431,519,386,527,493,1
273,457,496,446,435,460,506,529,494,551,473,1
503,561,535,648,540,579,483,469,460,444,482,-1
791,424,584,402,590,415,608,480,589,460,485,-1
899,472,403,477,366,471,548,495,530,480,466,-1
689,497,451,532,336,553,607,458,581,430,465,-1
1759,497,554,521,369,567,732,416,746,364,466,1
1806,512,436,568,479,515,343,568,284,569,477,-1
1579,449,532,432,668,418,460,525,439,512,489,1
1553,449,569,430,427,488,688,455,726,418,474,1
1497,445,587,422,468,455,648,478,638,457,476,1
1626,457,557,448,684,400,540,453,541,430,498,-1
1337,413,538,355,815,328,414,566,393,554,499,1
1726,475,599,485,541,548,511,509,488,505,483,1
766,423,456,374,505,368,540,504,523,488,480,-1
407,506,547,545,391,556,624,451,659,422,470,1
1872,467,473,467,740,330,272,555,262,585,503,1
1714,526,446,614,567,458,330,566,222,581,486,-1
8,453,532,432,700,355,421,535,396,541,497,1
468,500,543,539,700,410,404,542,372,540,495,1
1226,493,562,539,423,580,502,528,489,529,472,-1
1870,480,485,498,462,516,445,560,427,548,476,1
227,435,487,386,599,415,439,524,414,525,488,1
169,526,476,570,481,487,515,467,506,446,478,-1
968,484,425,497,424,540,388,562,364,578,473,1
1498,458,535,447,566,478,549,480,539,458,485,-1
702,522,537,593,387,617,501,514,485,506,469,-1
983,404,605,346,602,483,550,516,537,512,487,1
190,489,497,514,215,632,611,484,651,466,455,-1
1192,482,566,505,739,464,383,520,335,542,496,1
481,485,429,501,365,531,525,478,531,456,469,-1
66,477,475,489,422,471,570,474,559,453,473,-1
1115,479,463,491,691,401,455,472,428,450,490,-1
1613,513,554,579,769,440,387,514,354,513,495,1
1602,536,538,628,694,514,415,494,380,479,497,-1
295,516,535,563,600,439,458,508,431,501,489,1
691,510,467,566,563,490,354,542,344,553,485,-1
726,417,626,345,651,368,581,494,627,477,491,-1
586,538,567,621,508,549,565,456,564,415,479,1
1256,457,529,449,649,433,366,568,314,596,496,1
1433,451,479,421,646,350,465,507,437,497,490,-1
376,505,403,570,392,648,482,451,458,431,469,1
1510,493,431,520,243,653,504,530,489,524,455,1
1311,425,427,399,392,520,436,544,409,568,469,-1
1010,467,470,468,419,456,512,531,494,524,471,-1
107,478,379,492,416,427,503,489,485,470,473,-1
491,561,463,698,441,588,487,462,468,423,474,1
1239,461,515,449,454,437,488,553,469,579,475,1
1956,531,460,597,584,473,289,564,271,599,484,-1
1072,494,573,519,659,479,545,432,534,403,492,-1
166,489,422,529,584,460,340,529,317,532,485,1
1130,530,500,613,554,488,529,439,519,407,485,1
836,428,509,387,488,468,518,529,503,518,478,1
1258,529,439,589,299,564,682,420,669,352,462,-1
1415,470,449,472,631,306,355,574,307,581,493,1
1112,490,472,526,385,615,578,450,582,416,467,-1
261,500,469,551,570,485,318,597,261,640,484,-1
1984,506,402,568,382,568,444,496,423,482,469,1
1068,476,473,485,468,488,403,564,376,593,476,1
128,486,473,504,388,476,585,462,608,436,469,-1
1909,559,609,643,477,722,609,412,626,349,477,-1
162,573,407,673,469,599,357,492,339,480,476,1
1468,510,477,547,480,507,417,533,381,544,477,1
687,490,540,520,597,486,545,449,546,425,486,-1
347,483,474,502,641,329,350,579,297,609,489,-1
286,441,479,405,499,452,576,474,560,452,478,1
1121,459,532,455,556,475,535,481,523,463,483,-1
910,524,449,568,199,677,562,478,562,458,457,1
408,473,476,481,538,506,403,542,373,531,482,-1
1489,436,511,417,625,446,402,550,367,558,491,1
24,522,425,581,443,512,479,477,458,457,474,-1
474,565,432,657,409,619,470,462,446,436,470,1
1373,480,428,496,367,588,589,425,597,382,466,-1
779,484,544,506,424,519,479,567,458,558,472,1
1842,529,520,576,514,486,505,489,486,473,480,1
1109,431,421,380,304,474,592,492,610,476,462,1
385,492,551,516,765,377,371,560,329,538,499,1
195,548,427,602,422,523,524,446,513,420,473,-1
95,464,601,459,757,378,476,513,453,507,499,1
209,489,466,519,508,495,574,430,564,398,479,-1
234,467,420,462,468,465,488,497,470,479,476,-1
979,588,448,711,453,606,459,451,435,408,475,1
799,503,402,563,399,626,447,483,421,461,471,1
1331,422,426,373,673,329,356,531,329,535,496,-1
934,483,444,499,369,576,563,447,584,409,468,-1
1136,460,539,453,403,647,697,404,714,325,470,1
533,482,515,501,596,470,570,412,569,375,487,-1
314,452,538,435,518,416,499,562,484,569,480,1
469,385,577,267,702,313,491,530,472,528,498,1
325,531,437,609,252,701,579,443,584,399,459,1
137,444,455,399,410,503,478,553,456,560,469,-1
1276,474,550,481,718,437,407,522,367,519,499,1
476,553,561,631,517,610,520,456,511,432,480,-1
397,556,487,673,522,542,443,484,415,466,481,1
1336,454,511,437,450,420,466,570,443,596,475,1
1437,507,562,562,603,620,548,401,552,352,487,-1
375,428,595,382,588,405,632,470,642,445,487,-1
419,429,586,369,779,297,395,552,382,574,505,1
449,533,417,626,259,687,569,441,563,406,453,1
1745,449,485,422,447,458,519,527,512,517,475,1
351,454,497,439,405,600,635,425,603,382,471,1
1407,468,440,470,503,516,358,553,376,556,479,1
1675,536,457,642,484,627,507,418,493,386,478,1
1968,473,456,482,589,447,461,483,433,463,484,-1
727,542,422,647,380,628,472,465,450,435,469,1
117,536,433,604,469,556,396,514,366,508,476,-1
56,509,519,544,567,464,463,509,443,498,484,1
662,453,529,443,586,474,514,482,509,461,487,-1
938,459,545,445,609,347,455,563,426,599,488,1
1324,458,449,449,403,528,487,531,468,521,471,-1
160,499,442,544,471,515,425,521,396,515,476,-1
1887,444,574,423,497,508,663,442,698,412,479,-1
31,396,425,301,489,365,473,550,449,549,478,1
1117,533,586,591,473,689,602,426,579,395,477,-1
150,491,449,517,566,457,530,425,513,381,485,-1
1140,475,533,485,611,453,451,522,417,521,487,1
1003,497,487,527,549,564,520,438,506,391,485,1
738,402,558,309,533,345,532,579,523,593,483,1
538,515,500,571,585,511,471,460,450,432,490,-1
961,477,585,487,710,477,424,517,386,510,498,1
1167,439,483,405,429,481,501,538,483,545,473,-1
906,542,522,602,696,511,248,596,180,612,492,-1
1860,399,539,327,560,397,531,526,522,530,483,1
1299,422,629,349,627,471,560,487,578,472,491,1
1746,491,469,522,217,636,586,495,586,476,458,1
439,439,418,390,287,539,604,461,660,424,462,-1
599,546,436,632,182,732,584,455,577,432,449,1
887,478,553,491,504,521,475,558,454,552,479,-1
1926,447,404,401,277,560,659,433,681,406,461,-1
622,529,563,593,643,590,498,426,479,399,492,-1
245,475,587,485,715,505,405,521,374,515,497,1
1535,471,412,476,492,392,436,525,413,519,478,1
1411,390,529,323,520,366,523,559,513,563,482,1
1818,512,419,541,397,634,555,406,561,372,471,-1
241,466,531,464,740,401,396,525,356,555,500,1
1222,560,543,679,457,690,539,433,538,357,475,-1
917,461,554,455,631,409,517,493,501,481,489,1
639,384,570,316,566,497,475,572,452,588,485,1
1530,446,437,429,343,455,508,557,496,582,463,-1
93,513,474,577,471,607,509,443,489,393,476,1
1476,495,420,525,488,503,403,523,384,524,478,1
45,566,522,664,561,587,459,465,439,441,484,-1
572,455,512,437,389,539,508,559,497,534,470,-1
1273,508,455,555,611,386,312,571,257,594,490,1
451,573,491,713,431,692,584,376,578,332,474,1
1275,426,522,399,541,418,542,513,535,507,481,1
1287,496,554,534,528,492,637,415,623,360,481,-1
1566,476,565,488,432,514,659,473,629,454,474,1
106,468,431,467,459,481,302,616,263,677,475,-1
1251,420,538,355,554,417,518,524,516,518,485,1
874,423,466,381,648,364,346,608,276,617,493,1
1915,478,367,490,375,498,502,495,482,483,468,-1
55,432,556,398,567,503,522,522,500,506,484,1
1005,472,536,478,353,596,619,473,647,448,467,-1
1001,441,488,415,581,346,457,538,426,555,486,-1
1058,566,521,630,527,525,497,463,477,430,482,1
1580,426,566,367,712,298,476,538,449,529,499,1
83,420,516,348,553,440,559,471,565,447,483,-1
1710,492,492,531,375,607,552,481,542,461,467,-1
553,498,493,534,622,371,373,573,338,587,489,1
723,426,348,363,557,353,364,560,325,577,485,-1
1648,551,392,642,179,739,614,439,589,405,452,1
1097,475,480,484,609,481,485,463,466,445,486,1
1436,433,493,398,505,424,464,575,441,542,479,1
153,495,442,539,292,526,622,442,655,398,460,-1
1971,533,448,603,524,526,413,502,384,490,481,-1
1816,443,557,411,493,504,622,450,623,427,478,-1
1388,539,506,678,524,530,558,426,552,381,482,-1
323,508,420,577,430,634,473,461,452,432,473,1
1944,394,532,344,535,469,485,560,464,574,481,1
1693,463,556,461,508,469,544,509,537,507,479,1
729,542,472,661,486,576,475,446,452,417,477,1
1206,496,462,530,490,488,567,427,573,376,478,-1
1346,418,576,369,765,335,461,523,435,537,496,1
1669,441,406,413,600,351,387,572,345,554,489,-1
1590,480,454,494,385,622,525,474,498,451,470,-1
1519,568,611,672,512,686,585,427,570,367,480,-1
1880,418,504,359,475,457,553,497,555,494,477,1
1328,389,565,322,597,395,516,562,498,581,488,1
1907,557,528,668,364,739,600,422,580,375,467,-1
165,465,421,458,360,594,604,443,602,412,465,-1
1312,516,569,588,722,429,400,514,371,512,496,1
1267,423,424,372,387,454,628,453,636,410,467,-1
1269,563,372,673,438,647,393,489,320,474,474,1
411,477,462,488,668,406,372,532,329,547,496,1
1008,450,529,421,504,494,620,442,601,411,480,-1
1733,456,544,440,462,506,658,445,650,420,475,-1
1765,484,554,506,653,468,547,446,545,409,490,-1
